<?xml version="1.0" encoding="UTF-8"?>
<knimeNode icon="./default.png" type="Source" xmlns="http://knime.org/node/v2.8" xmlns:xsi="http://www.w3.org/2001/XMLSchema-instance" xsi:schemaLocation="http://knime.org/node/v2.8 http://knime.org/node/v2.8.xsd">
    <name>Facebook Accounts List (P&amp;G)</name>
    
    <shortDescription>
        List all available Accounts that are accessible via authenticated Facebook API connection.
    </shortDescription>
    
    <fullDescription>
        <intro>List all available Accounts that are accessible via authenticated Facebook API connection.</intro>
        
    </fullDescription>
    
    <ports>
        <inPort index="0" name="Facebook Connection">Description of first input port...</inPort>
        <!-- possibly more input ports here-->
        <outPort index="0" name="Account List">Description of first output port...</outPort>
        <!-- possibly more output ports here-->
    </ports>    
    
</knimeNode>
