<?xml version="1.0" encoding="UTF-8"?>
<knimeNode icon="./default.png" type="Source" xmlns="http://knime.org/node/v2.8" xmlns:xsi="http://www.w3.org/2001/XMLSchema-instance" xsi:schemaLocation="http://knime.org/node/v2.8 http://knime.org/node/v2.8.xsd">
    <name>Facebook List Comments (P&amp;G)</name>
    
    <shortDescription>
        Retrieve comments for a specific Post.
    </shortDescription>
    
    <fullDescription>
        <intro>Retrieve comments for a specific Post.</intro>
        
    </fullDescription>
    
    <ports>
        <inPort index="0" name="Facebook Connection">Facebook API Connection with selected Post.</inPort>
        <!-- possibly more input ports here-->
        <outPort index="0" name="Comment Table">Table of comments associated with selected Post.</outPort>
        <!-- possibly more output ports here-->
    </ports>    
    
</knimeNode>
