<?xml version="1.0" encoding="UTF-8"?>
<knimeNode icon="./default.png" type="Source" xmlns="http://knime.org/node/v2.8" xmlns:xsi="http://www.w3.org/2001/XMLSchema-instance" xsi:schemaLocation="http://knime.org/node/v2.8 http://knime.org/node/v2.8.xsd">
    <name>Facebook Select Post (P&amp;G)</name>
    
    <shortDescription>
        Configures Facebook Graph API connection for use with specific post.
    </shortDescription>
    
    <fullDescription>
        <intro>Configures Facebook Graph API connection for use with specific post to enable downstream nodes (metric collection, etc).
        Often will require use of Facebook List Posts node to acquire list of Post Ids.
        </intro>
        
        
        <option name="Post Id">Id of post (e.g. 2349820_0932940129321)</option>
        
    </fullDescription>
    
    <ports>
        <inPort index="0" name="Facebook Connection">Facebook Connection</inPort>
        <!-- possibly more input ports here-->
        <outPort index="0" name="Facebook Connection">Facebook Connection configured for Post Id</outPort>
        <!-- possibly more output ports here-->
    </ports>    
    
</knimeNode>
