<?xml version="1.0" encoding="UTF-8"?>
<knimeNode icon="./default.png" type="Source" xmlns="http://knime.org/node/v2.8" xmlns:xsi="http://www.w3.org/2001/XMLSchema-instance" xsi:schemaLocation="http://knime.org/node/v2.8 http://knime.org/node/v2.8.xsd">
    <name>Facebook API Connector (P&amp;G)</name>
    
    <shortDescription>
        Creates a connection to the Facebook Graph API.
    </shortDescription>
    
    <fullDescription>
        <intro> Creates a connection to the Facebook Graph API.</intro>
        <option name="User Token">Access token used for authentication to Facebook Graph API.</option>
       
    </fullDescription>
    
    <ports>
        <outPort index="0" name="Facebook Connection">Authenticated connection to Facebook API</outPort>
        <!-- possibly more output ports here-->
    </ports>    
    
</knimeNode>
